timestamp,pm25,pm10,no2,so2,co,aqi
2026-01-09 00:00:00,56.9,59.0,29.1,13.6,663.0,85.35
2026-01-09 01:00:00,55.5,57.7,38.0,14.8,1008.0,83.25
2026-01-09 02:00:00,60.3,62.9,49.9,16.6,1582.0,90.44999999999999
2026-01-09 03:00:00,68.5,71.5,55.0,18.7,1948.0,102.75
2026-01-09 04:00:00,68.5,71.9,47.0,21.4,1877.0,102.75
2026-01-09 05:00:00,60.1,63.6,32.3,24.5,1599.0,90.15
2026-01-09 06:00:00,55.3,57.6,20.8,27.2,1372.0,82.94999999999999
2026-01-09 07:00:00,54.4,56.6,14.4,29.0,1261.0,81.6
2026-01-09 08:00:00,52.3,54.4,11.4,30.3,1201.0,78.44999999999999
2026-01-09 09:00:00,52.7,54.6,15.9,32.1,1254.0,79.05000000000001
2026-01-09 10:00:00,54.8,56.6,32.3,34.7,1484.0,82.19999999999999
2026-01-09 11:00:00,58.6,59.8,56.3,37.7,1827.0,87.9
2026-01-09 12:00:00,59.8,60.3,71.1,39.0,2157.0,89.69999999999999
2026-01-09 13:00:00,86.4,87.1,89.5,43.1,2513.0,129.60000000000002
2026-01-09 14:00:00,107.8,108.5,114.5,48.5,2857.0,161.7
2026-01-09 15:00:00,121.1,123.4,129.7,49.8,2941.0,181.64999999999998
2026-01-09 16:00:00,122.9,127.6,126.2,43.8,2566.0,184.35000000000002
2026-01-09 17:00:00,112.2,116.4,113.0,33.8,1932.0,168.3
2026-01-09 18:00:00,95.0,98.7,100.8,24.8,1395.0,142.5
2026-01-09 19:00:00,78.9,81.5,94.3,18.4,1084.0,118.35000000000001
2026-01-09 20:00:00,67.5,69.6,88.9,13.1,870.0,101.25
2026-01-09 21:00:00,59.6,61.5,81.6,9.2,716.0,89.4
2026-01-09 22:00:00,54.1,56.1,68.4,6.8,530.0,81.15
2026-01-09 23:00:00,49.9,51.9,53.3,5.9,405.0,74.85
2026-01-10 00:00:00,38.1,40.0,25.2,5.1,581.0,57.150000000000006
2026-01-10 01:00:00,37.1,38.8,34.0,6.9,1399.0,55.650000000000006
2026-01-10 02:00:00,43.5,45.1,45.7,9.3,2517.0,65.25
2026-01-10 03:00:00,54.6,56.1,52.3,11.4,3153.0,81.9
2026-01-10 04:00:00,64.0,65.4,48.8,12.2,2832.0,96.0
2026-01-10 05:00:00,64.7,67.1,40.1,12.6,2028.0,97.05000000000001
2026-01-10 06:00:00,34.1,39.1,32.6,14.3,1379.0,51.150000000000006
2026-01-10 07:00:00,32.0,36.3,26.2,18.9,1074.0,48.0
2026-01-10 08:00:00,34.6,38.5,21.1,24.8,922.0,51.900000000000006
2026-01-10 09:00:00,37.8,41.4,24.2,29.3,993.0,56.699999999999996
2026-01-10 10:00:00,40.9,44.0,41.9,30.8,1407.0,61.349999999999994
2026-01-10 11:00:00,46.3,49.0,67.8,30.8,2043.0,69.44999999999999
2026-01-10 12:00:00,69.4,71.7,85.7,36.2,2602.0,104.10000000000001
2026-01-10 13:00:00,97.6,99.9,99.0,39.9,3045.0,146.39999999999998
2026-01-10 14:00:00,117.8,120.6,116.8,44.7,3411.0,176.7
2026-01-10 15:00:00,127.6,131.3,126.5,46.1,3518.0,191.39999999999998
2026-01-10 16:00:00,133.6,139.7,120.5,41.4,3197.0,200.39999999999998
2026-01-10 17:00:00,133.6,139.7,106.4,33.4,2617.0,200.39999999999998
2026-01-10 18:00:00,122.5,127.1,94.6,26.0,2098.0,183.75
2026-01-10 19:00:00,97.1,101.0,90.6,20.4,1747.0,145.64999999999998
2026-01-10 20:00:00,79.2,81.7,88.9,15.5,1458.0,118.80000000000001
2026-01-10 21:00:00,68.5,70.3,83.0,11.6,1232.0,102.75
2026-01-10 22:00:00,60.1,61.7,66.8,9.0,1018.0,90.15
2026-01-10 23:00:00,52.7,54.1,46.5,7.4,867.0,79.05000000000001
2026-01-11 00:00:00,40.2,41.0,34.7,6.6,929.0,60.300000000000004
2026-01-11 01:00:00,37.3,38.0,40.2,7.9,1429.0,55.949999999999996
2026-01-11 02:00:00,39.8,40.7,47.5,9.7,2143.0,59.699999999999996
2026-01-11 03:00:00,47.1,48.1,51.0,11.2,2546.0,70.65
2026-01-11 04:00:00,51.1,52.4,47.3,11.8,2346.0,76.65
2026-01-11 05:00:00,50.9,52.3,39.7,12.1,1835.0,76.35
2026-01-11 06:00:00,34.8,37.4,33.3,13.2,1367.0,52.199999999999996
2026-01-11 07:00:00,33.1,35.7,27.0,15.8,963.0,49.650000000000006
2026-01-11 08:00:00,33.6,36.2,21.7,19.2,603.0,50.400000000000006
2026-01-11 09:00:00,37.4,39.6,25.3,22.0,579.0,56.099999999999994
2026-01-11 10:00:00,41.2,43.3,45.0,23.3,1181.0,61.800000000000004
2026-01-11 11:00:00,48.0,49.7,73.5,24.1,2120.0,72.0
2026-01-11 12:00:00,71.5,73.3,97.3,25.6,2823.0,107.25
2026-01-11 13:00:00,99.9,102.0,112.0,29.7,3082.0,149.85000000000002
2026-01-11 14:00:00,115.3,119.0,121.9,34.6,3104.0,172.95
2026-01-11 15:00:00,119.0,124.3,126.1,36.5,2942.0,178.5
2026-01-11 16:00:00,115.7,120.6,122.4,32.9,2512.0,173.55
2026-01-11 17:00:00,103.4,107.3,112.9,26.3,1897.0,155.10000000000002
2026-01-11 18:00:00,91.3,94.3,103.8,20.3,1398.0,136.95
2026-01-11 19:00:00,79.9,82.2,97.7,16.1,1146.0,119.85000000000001
2026-01-11 20:00:00,68.5,70.5,91.8,12.6,1009.0,102.75
2026-01-11 21:00:00,60.5,62.4,84.1,9.8,897.0,90.75
2026-01-11 22:00:00,53.6,55.1,71.1,7.7,706.0,80.4
2026-01-11 23:00:00,47.7,49.1,56.2,6.3,540.0,71.55000000000001
2026-01-12 00:00:00,33.8,34.9,26.2,5.3,616.0,50.699999999999996
2026-01-12 01:00:00,31.1,32.1,33.6,6.9,1187.0,46.650000000000006
2026-01-12 02:00:00,36.2,37.0,43.7,9.2,1999.0,54.300000000000004
2026-01-12 03:00:00,46.9,47.7,50.1,11.3,2515.0,70.35
2026-01-12 04:00:00,57.7,58.6,49.7,12.4,2451.0,86.55000000000001
2026-01-12 05:00:00,65.9,66.8,45.6,13.3,2090.0,98.85000000000001
2026-01-12 06:00:00,37.7,40.3,41.1,15.6,1741.0,56.550000000000004
2026-01-12 07:00:00,33.1,34.6,33.3,20.9,1414.0,49.650000000000006
2026-01-12 08:00:00,33.8,35.0,25.0,27.6,1098.0,50.699999999999996
2026-01-12 09:00:00,35.5,36.6,28.0,33.1,1070.0,53.25
2026-01-12 10:00:00,38.2,39.2,52.5,35.6,1584.0,57.300000000000004
2026-01-12 11:00:00,44.4,45.3,88.3,36.9,2385.0,66.6
2026-01-12 12:00:00,74.5,76.4,110.6,36.3,2987.0,111.75
2026-01-12 13:00:00,99.4,101.5,118.1,40.5,3199.0,149.10000000000002
2026-01-12 14:00:00,112.5,115.5,128.0,46.1,3212.0,168.75
2026-01-12 15:00:00,121.5,125.7,133.0,48.7,3109.0,182.25
2026-01-12 16:00:00,127.1,132.7,129.3,46.1,2885.0,190.64999999999998
2026-01-12 17:00:00,128.5,134.6,120.6,40.6,2544.0,192.75
2026-01-12 18:00:00,123.9,129.5,110.5,34.4,2187.0,185.85000000000002
2026-01-12 19:00:00,112.9,117.3,99.8,27.4,1813.0,169.35000000000002
2026-01-12 20:00:00,99.7,102.7,87.7,19.7,1422.0,149.55
2026-01-12 21:00:00,87.5,89.6,75.8,14.1,1114.0,131.25
2026-01-12 22:00:00,75.2,76.8,62.9,12.0,853.0,112.80000000000001
2026-01-12 23:00:00,60.8,62.4,50.3,12.0,675.0,91.19999999999999
2026-01-13 00:00:00,65.9,67.8,42.8,10.5,783.0,98.85000000000001
2026-01-13 01:00:00,56.7,58.7,48.8,13.4,1486.0,85.05000000000001
2026-01-13 02:00:00,56.0,58.0,56.8,17.4,2476.0,84.0
2026-01-13 03:00:00,56.0,58.1,60.0,20.7,3035.0,84.0
2026-01-13 04:00:00,53.9,56.0,54.2,22.3,2738.0,80.85
2026-01-13 05:00:00,49.9,52.6,43.6,23.1,2009.0,74.85
2026-01-13 06:00:00,45.9,48.9,34.4,24.1,1410.0,68.85
2026-01-13 07:00:00,46.9,49.6,26.2,25.9,1045.0,70.35
2026-01-13 08:00:00,46.8,49.5,19.5,28.0,809.0,70.19999999999999
2026-01-13 09:00:00,45.8,48.3,21.4,29.4,944.0,68.69999999999999
2026-01-13 10:00:00,45.5,48.0,37.7,29.3,1766.0,68.25
2026-01-13 11:00:00,48.5,50.9,62.6,28.5,2959.0,72.75
2026-01-13 12:00:00,60.8,62.4,98.9,31.7,3821.0,91.19999999999999
2026-01-13 13:00:00,91.5,93.6,115.8,37.9,4069.0,137.25
2026-01-13 14:00:00,111.5,115.3,138.4,46.1,3985.0,167.25
2026-01-13 15:00:00,120.6,126.2,150.9,50.2,3714.0,180.89999999999998
2026-01-13 16:00:00,124.3,130.4,144.1,46.7,3214.0,186.45
2026-01-13 17:00:00,129.0,134.6,127.1,39.0,2526.0,193.5
2026-01-13 18:00:00,124.8,129.9,111.5,31.1,1918.0,187.2
2026-01-13 19:00:00,106.2,109.4,102.1,23.8,1465.0,159.3
2026-01-13 20:00:00,83.8,86.6,94.0,16.3,1091.0,125.69999999999999
2026-01-13 21:00:00,66.8,69.4,84.2,10.6,839.0,100.19999999999999
2026-01-13 22:00:00,54.0,56.2,69.2,7.6,683.0,81.0
2026-01-13 23:00:00,42.1,44.6,52.6,6.5,649.0,63.150000000000006
2026-01-14 00:00:00,35.9,38.5,46.3,9.7,849.0,53.849999999999994
2026-01-14 01:00:00,28.2,30.6,48.3,10.4,1539.0,42.3
2026-01-14 02:00:00,30.7,32.5,50.7,11.4,2463.0,46.05
2026-01-14 03:00:00,39.3,41.0,50.7,12.8,2973.0,58.949999999999996
2026-01-14 04:00:00,45.9,47.6,46.0,14.6,2676.0,68.85
2026-01-14 05:00:00,43.1,46.4,38.9,16.6,1965.0,64.65
2026-01-14 06:00:00,26.7,32.1,32.8,18.7,1366.0,40.05
2026-01-14 07:00:00,26.1,30.9,26.4,20.8,988.0,39.150000000000006
2026-01-14 08:00:00,27.0,31.1,21.0,22.8,724.0,40.5
2026-01-14 09:00:00,28.1,31.9,24.0,24.4,775.0,42.150000000000006
2026-01-14 10:00:00,30.3,33.6,41.6,24.9,1385.0,45.45
2026-01-14 11:00:00,35.0,38.1,67.5,25.0,2311.0,52.5
2026-01-14 12:00:00,57.6,60.3,105.8,31.4,3028.0,86.4
2026-01-14 13:00:00,86.1,90.1,116.9,35.8,3365.0,129.14999999999998
2026-01-14 14:00:00,101.3,107.3,131.7,41.7,3492.0,151.95
2026-01-14 15:00:00,107.8,114.8,138.4,44.3,3402.0,161.7
2026-01-14 16:00:00,119.7,126.2,130.3,40.9,2990.0,179.55
2026-01-14 17:00:00,128.5,134.1,114.2,34.2,2360.0,192.75
2026-01-14 18:00:00,131.8,136.9,98.9,27.5,1813.0,197.70000000000002
2026-01-14 19:00:00,123.4,128.5,87.1,21.3,1461.0,185.10000000000002
2026-01-14 20:00:00,109.7,113.6,76.1,15.1,1191.0,164.55
2026-01-14 21:00:00,91.5,94.5,66.6,10.4,966.0,137.25
2026-01-14 22:00:00,74.5,76.8,57.7,7.6,691.0,111.75
2026-01-14 23:00:00,63.3,65.4,50.4,6.2,461.0,94.94999999999999
2026-01-15 00:00:00,63.1,66.4,32.2,10.1,522.0,94.65
2026-01-15 01:00:00,56.5,58.7,42.9,12.0,1193.0,84.75
2026-01-15 02:00:00,57.6,60.3,57.1,14.8,2155.0,86.4
2026-01-15 03:00:00,58.2,61.5,64.3,17.5,2704.0,87.30000000000001
2026-01-15 04:00:00,54.9,57.5,58.0,19.9,2424.0,82.35
2026-01-15 05:00:00,54.4,57.5,44.6,22.2,1730.0,81.6
2026-01-15 06:00:00,33.4,38.0,33.2,24.7,1165.0,50.099999999999994
2026-01-15 07:00:00,31.3,35.0,24.5,27.8,853.0,46.95
2026-01-15 08:00:00,30.6,34.2,17.7,31.1,670.0,45.900000000000006
2026-01-15 09:00:00,33.1,36.4,19.7,33.4,778.0,49.650000000000006
2026-01-15 10:00:00,36.0,39.1,35.4,33.7,1392.0,54.0
2026-01-15 11:00:00,41.3,44.0,59.8,33.1,2297.0,61.949999999999996
2026-01-15 12:00:00,46.0,50.9,100.0,27.3,3016.0,69.0
2026-01-15 13:00:00,57.4,62.2,107.3,29.3,3408.0,86.1
2026-01-15 14:00:00,67.8,72.6,116.8,31.8,3614.0,101.69999999999999
2026-01-15 15:00:00,79.4,85.0,120.5,32.6,3578.0,119.10000000000001
2026-01-15 16:00:00,91.7,97.1,113.2,30.4,3178.0,137.55
2026-01-15 17:00:00,100.8,105.7,100.0,26.5,2536.0,151.2
2026-01-15 18:00:00,101.5,105.5,87.8,22.1,1969.0,152.25
2026-01-15 19:00:00,90.8,93.8,78.8,17.2,1563.0,136.2
2026-01-15 20:00:00,76.6,79.2,70.8,12.0,1232.0,114.89999999999999
2026-01-15 21:00:00,64.3,66.6,64.0,8.0,1026.0,96.44999999999999
2026-01-15 22:00:00,55.1,57.0,58.2,5.9,998.0,82.65
2026-01-15 23:00:00,48.4,50.3,53.6,5.0,1096.0,72.6
2026-01-16 00:00:00,41.6,44.0,42.6,5.1,1219.0,62.400000000000006
2026-01-16 01:00:00,36.7,39.5,47.4,7.1,1362.0,55.050000000000004
2026-01-16 02:00:00,41.8,45.1,54.0,10.0,1529.0,62.699999999999996
2026-01-16 03:00:00,50.9,54.4,58.0,12.7,1633.0,76.35
2026-01-16 04:00:00,55.3,58.7,58.2,15.0,1633.0,82.94999999999999
2026-01-16 05:00:00,60.5,63.8,56.0,17.1,1569.0,90.75
2026-01-16 06:00:00,55.9,62.2,50.7,19.1,1475.0,83.85
2026-01-16 07:00:00,42.3,49.6,37.8,21.0,1300.0,63.449999999999996
2026-01-16 08:00:00,35.0,40.7,22.0,22.6,1094.0,52.5
2026-01-16 09:00:00,32.5,36.8,16.5,23.7,1049.0,48.75
2026-01-16 10:00:00,33.6,37.5,29.4,23.4,1318.0,50.400000000000006
2026-01-16 11:00:00,38.1,41.2,52.6,22.5,1747.0,57.150000000000006
2026-01-16 12:00:00,75.0,77.8,86.0,27.6,2061.0,112.5
2026-01-16 13:00:00,102.9,105.7,99.2,31.0,2160.0,154.35000000000002
2026-01-16 14:00:00,120.1,124.3,116.8,35.4,2143.0,180.14999999999998
2026-01-16 15:00:00,129.5,136.0,125.7,37.3,2039.0,194.25
2026-01-16 16:00:00,135.5,141.6,118.5,34.5,1822.0,203.25
2026-01-16 17:00:00,137.4,142.5,102.6,29.0,1517.0,206.10000000000002
2026-01-16 18:00:00,133.6,137.4,87.7,23.5,1225.0,200.39999999999998
2026-01-16 19:00:00,121.5,124.8,76.6,18.3,958.0,182.25
2026-01-16 20:00:00,107.1,110.1,66.5,13.1,703.0,160.64999999999998
2026-01-16 21:00:00,95.0,98.3,57.8,9.1,525.0,142.5
2026-01-16 22:00:00,84.5,88.0,50.7,6.9,367.0,126.75
2026-01-16 23:00:00,74.0,77.3,45.1,5.9,286.0,111.0
2026-01-17 00:00:00,39.5,41.7,27.9,5.8,512.0,59.25
2026-01-17 01:00:00,36.1,38.2,35.3,8.0,1393.0,54.150000000000006
2026-01-17 02:00:00,40.0,43.0,45.2,11.0,2581.0,60.0
2026-01-17 03:00:00,43.9,46.4,49.7,13.8,3269.0,65.85
2026-01-17 04:00:00,46.8,48.5,44.1,15.9,2968.0,70.19999999999999
2026-01-17 05:00:00,48.1,50.3,33.3,17.9,2165.0,72.15
2026-01-17 06:00:00,36.3,38.9,23.9,19.7,1519.0,54.449999999999996
2026-01-17 07:00:00,32.0,35.5,16.0,21.5,1191.0,48.0
2026-01-17 08:00:00,30.3,33.9,9.5,23.3,1020.0,45.45
2026-01-17 09:00:00,30.6,34.0,11.4,25.0,1173.0,45.900000000000006
2026-01-17 10:00:00,32.1,35.4,27.6,26.1,1928.0,48.150000000000006
2026-01-17 11:00:00,36.0,39.1,52.1,27.2,3007.0,54.0
2026-01-17 12:00:00,71.2,76.8,88.2,32.6,3748.0,106.80000000000001
2026-01-17 13:00:00,94.3,100.1,97.8,37.3,3871.0,141.45
2026-01-17 14:00:00,111.8,117.1,110.5,43.5,3656.0,167.7
2026-01-17 15:00:00,125.7,130.9,116.9,46.2,3279.0,188.55
2026-01-17 16:00:00,136.0,140.6,111.1,42.4,2710.0,204.0
2026-01-17 17:00:00,138.3,142.0,98.8,35.0,1978.0,207.45000000000002
2026-01-17 18:00:00,129.5,132.7,88.0,27.9,1353.0,194.25
2026-01-17 19:00:00,110.6,113.2,82.2,22.0,925.0,165.89999999999998
2026-01-17 20:00:00,90.1,92.2,77.7,16.5,604.0,135.14999999999998
2026-01-17 21:00:00,72.6,75.0,71.5,12.1,380.0,108.89999999999999
2026-01-17 22:00:00,59.3,61.5,60.1,9.3,228.0,88.94999999999999
2026-01-17 23:00:00,48.7,51.1,46.9,7.7,175.0,73.05000000000001
2026-01-18 00:00:00,44.9,46.7,46.3,6.4,291.0,67.35
2026-01-18 01:00:00,36.2,38.2,51.0,8.2,753.0,54.300000000000004
2026-01-18 02:00:00,38.2,40.5,57.0,10.6,1384.0,57.300000000000004
2026-01-18 03:00:00,44.8,47.4,58.8,12.4,1724.0,67.19999999999999
2026-01-18 04:00:00,44.6,47.0,52.5,12.5,1479.0,66.9
2026-01-18 05:00:00,41.7,44.6,41.9,12.0,943.0,62.550000000000004
2026-01-18 06:00:00,27.8,33.6,32.5,12.4,542.0,41.7
2026-01-18 07:00:00,26.5,33.1,23.8,14.7,415.0,39.75
2026-01-18 08:00:00,26.5,33.2,16.2,18.0,424.0,39.75
2026-01-18 09:00:00,27.2,34.9,16.5,20.7,575.0,40.8
2026-01-18 10:00:00,27.9,37.1,30.5,21.8,939.0,41.849999999999994
2026-01-18 11:00:00,32.0,41.2,52.5,22.3,1446.0,48.0
2026-01-18 12:00:00,51.2,62.9,75.9,23.6,1891.0,76.80000000000001
2026-01-18 13:00:00,77.3,89.2,84.5,27.3,2259.0,115.94999999999999
2026-01-18 14:00:00,95.7,108.3,96.1,32.3,2564.0,143.55
2026-01-18 15:00:00,107.3,122.0,102.0,34.9,2646.0,160.95
2026-01-18 16:00:00,117.6,132.2,97.5,33.2,2363.0,176.39999999999998
2026-01-18 17:00:00,124.3,136.9,87.4,29.0,1856.0,186.45
2026-01-18 18:00:00,124.8,135.0,77.5,24.4,1392.0,187.2
2026-01-18 19:00:00,119.0,127.1,69.3,19.4,1036.0,178.5
2026-01-18 20:00:00,109.2,116.6,61.2,14.0,722.0,163.8
2026-01-18 21:00:00,96.4,103.8,54.6,9.8,524.0,144.60000000000002
2026-01-18 22:00:00,82.7,90.1,49.8,7.6,485.0,124.05000000000001
2026-01-18 23:00:00,71.5,79.2,46.4,6.7,562.0,107.25
2026-01-19 00:00:00,59.8,65.0,44.4,6.2,697.0,89.69999999999999
2026-01-19 01:00:00,54.2,60.1,45.4,8.8,940.0,81.30000000000001
2026-01-19 02:00:00,61.7,67.8,46.5,12.4,1242.0,92.55000000000001
2026-01-19 03:00:00,78.7,84.3,45.1,15.5,1400.0,118.05000000000001
2026-01-19 04:00:00,85.7,90.6,39.4,17.6,1279.0,128.55
2026-01-19 05:00:00,64.7,71.7,31.3,19.2,1015.0,97.05000000000001
2026-01-19 06:00:00,54.2,63.3,24.0,20.7,814.0,81.30000000000001
2026-01-19 07:00:00,52.9,61.5,15.8,22.0,676.0,79.35
2026-01-19 08:00:00,48.1,57.4,8.5,23.2,601.0,72.15
2026-01-19 09:00:00,45.1,57.0,10.8,24.4,791.0,67.65
2026-01-19 10:00:00,44.0,59.3,30.2,25.1,1452.0,66.0
2026-01-19 11:00:00,48.1,64.5,59.2,25.8,2377.0,72.15
2026-01-19 12:00:00,76.6,94.5,79.3,28.6,3150.0,114.89999999999999
2026-01-19 13:00:00,105.9,123.9,87.5,31.2,3709.0,158.85000000000002
2026-01-19 14:00:00,123.9,140.2,98.3,34.5,4116.0,185.85000000000002
2026-01-19 15:00:00,127.1,139.7,103.9,35.1,4133.0,190.64999999999998
2026-01-19 16:00:00,107.8,116.4,100.0,30.6,3496.0,161.7
2026-01-19 17:00:00,92.4,99.0,90.8,23.4,2469.0,138.60000000000002
2026-01-19 18:00:00,82.2,87.5,80.6,17.1,1614.0,123.30000000000001
2026-01-19 19:00:00,71.0,76.1,70.5,13.1,1142.0,106.5
2026-01-19 20:00:00,61.7,66.1,59.4,10.0,841.0,92.55000000000001
2026-01-19 21:00:00,54.5,58.6,49.0,7.7,639.0,81.75
2026-01-19 22:00:00,49.1,53.0,38.0,6.2,468.0,73.65
2026-01-19 23:00:00,44.9,48.5,27.7,5.5,395.0,67.35
2026-01-20 00:00:00,40.7,44.9,6.7,6.1,549.0,61.050000000000004
2026-01-20 01:00:00,43.1,46.9,19.0,7.7,1156.0,64.65
2026-01-20 02:00:00,48.9,52.5,35.7,9.9,1989.0,73.35
2026-01-20 03:00:00,58.3,61.5,46.3,11.6,2496.0,87.44999999999999
2026-01-20 04:00:00,61.9,65.0,45.0,11.7,2379.0,92.85
2026-01-20 05:00:00,55.2,60.5,37.6,11.2,1936.0,82.80000000000001
2026-01-20 06:00:00,39.7,48.4,30.4,12.1,1506.0,59.550000000000004
2026-01-20 07:00:00,34.6,44.2,23.7,16.0,1146.0,51.900000000000006
2026-01-20 08:00:00,32.8,43.7,17.2,21.2,800.0,49.199999999999996
2026-01-20 09:00:00,31.2,42.7,17.1,25.0,632.0,46.8
2026-01-20 10:00:00,29.9,41.4,27.9,25.4,744.0,44.849999999999994
2026-01-20 11:00:00,30.7,41.2,45.1,24.2,1035.0,46.05
2026-01-20 12:00:00,43.7,50.6,53.8,24.3,1370.0,65.55000000000001
2026-01-20 13:00:00,65.2,72.4,66.8,26.6,1806.0,97.80000000000001
2026-01-20 14:00:00,86.8,94.1,84.4,29.7,2286.0,130.2
2026-01-20 15:00:00,102.2,109.4,95.6,30.8,2503.0,153.3
2026-01-20 16:00:00,109.0,116.4,94.1,28.4,2248.0,163.5
2026-01-20 17:00:00,105.9,112.5,86.1,24.2,1730.0,158.85000000000002
2026-01-20 18:00:00,96.4,101.7,79.3,19.8,1264.0,144.60000000000002
2026-01-20 19:00:00,79.9,84.5,77.9,15.7,946.0,119.85000000000001
2026-01-20 20:00:00,64.3,68.5,77.8,11.5,680.0,96.44999999999999
2026-01-20 21:00:00,51.6,55.6,74.1,8.3,490.0,77.4
2026-01-20 22:00:00,42.7,46.7,62.1,6.4,346.0,64.05000000000001
2026-01-20 23:00:00,36.8,40.6,46.6,5.5,277.0,55.199999999999996
2026-01-21 00:00:00,38.6,42.5,46.3,6.0,395.0,57.900000000000006
2026-01-21 01:00:00,34.2,38.1,50.3,7.6,901.0,51.300000000000004
2026-01-21 02:00:00,38.8,42.5,55.4,9.8,1593.0,58.199999999999996
2026-01-21 03:00:00,47.7,51.2,56.4,11.6,1975.0,71.55000000000001
2026-01-21 04:00:00,54.7,57.3,49.5,12.2,1736.0,82.05000000000001
2026-01-21 05:00:00,56.9,60.3,38.5,12.5,1186.0,85.35
2026-01-21 06:00:00,29.8,38.6,28.9,13.5,758.0,44.7
2026-01-21 07:00:00,24.5,32.4,20.7,16.2,589.0,36.75
2026-01-21 08:00:00,22.1,28.3,13.9,19.7,541.0,33.150000000000006
2026-01-21 09:00:00,20.3,25.3,15.0,22.5,633.0,30.450000000000003
2026-01-21 10:00:00,20.5,25.1,29.3,23.6,910.0,30.75
2026-01-21 11:00:00,22.7,27.3,51.4,24.1,1327.0,34.05
2026-01-21 12:00:00,45.5,50.4,71.2,26.7,1761.0,68.25
2026-01-21 13:00:00,73.8,79.2,84.0,31.8,2300.0,110.69999999999999
2026-01-21 14:00:00,92.9,98.5,101.2,38.6,2858.0,139.35000000000002
2026-01-21 15:00:00,103.8,110.4,111.6,41.6,3047.0,155.7
2026-01-21 16:00:00,110.1,118.3,110.3,37.6,2557.0,165.14999999999998
2026-01-21 17:00:00,104.5,111.1,102.0,30.0,1699.0,156.75
2026-01-21 18:00:00,87.8,93.4,90.1,23.1,1025.0,131.7
2026-01-21 19:00:00,72.9,76.8,73.1,18.6,771.0,109.35000000000001
2026-01-21 20:00:00,62.6,65.7,52.3,14.8,701.0,93.9
2026-01-21 21:00:00,54.7,57.2,35.0,12.0,656.0,82.05000000000001
2026-01-21 22:00:00,47.5,49.6,21.9,10.1,548.0,71.25
2026-01-21 23:00:00,42.8,44.6,12.2,9.1,466.0,64.19999999999999
2026-01-22 00:00:00,41.9,43.2,15.1,8.2,518.0,62.849999999999994
2026-01-22 01:00:00,41.4,42.8,31.4,9.8,835.0,62.099999999999994
2026-01-22 02:00:00,49.4,51.0,53.3,12.0,1286.0,74.1
2026-01-22 03:00:00,58.0,59.6,64.9,13.4,1586.0,87.0
2026-01-22 04:00:00,52.6,54.4,56.4,13.3,1605.0,78.9
2026-01-22 05:00:00,48.7,50.3,37.6,12.5,1473.0,73.05000000000001
2026-01-22 06:00:00,34.0,36.7,22.4,11.8,1301.0,51.0
2026-01-22 07:00:00,29.1,31.4,15.6,11.6,1060.0,43.650000000000006
2026-01-22 08:00:00,27.0,28.8,12.3,11.6,778.0,40.5
2026-01-22 09:00:00,25.0,26.7,11.5,11.4,647.0,37.5
2026-01-22 10:00:00,24.2,26.1,14.3,10.9,837.0,36.3
2026-01-22 11:00:00,26.0,29.8,19.4,10.2,1177.0,39.0
2026-01-22 12:00:00,19.0,20.1,19.5,10.4,1346.0,28.5
2026-01-22 13:00:00,23.0,24.4,17.1,9.9,1152.0,34.5
2026-01-22 14:00:00,24.6,26.4,13.7,9.2,788.0,36.900000000000006
2026-01-22 15:00:00,30.6,32.6,11.0,9.0,511.0,45.900000000000006
2026-01-22 16:00:00,36.2,38.1,9.6,9.6,441.0,54.300000000000004
2026-01-22 17:00:00,38.5,39.8,8.8,10.7,458.0,57.75
2026-01-22 18:00:00,37.4,38.3,8.0,11.5,464.0,56.099999999999994
2026-01-22 19:00:00,34.6,35.3,6.7,11.8,416.0,51.900000000000006
2026-01-22 20:00:00,31.9,32.4,5.4,11.8,358.0,47.849999999999994
2026-01-22 21:00:00,29.8,30.3,4.4,11.6,319.0,44.7
2026-01-22 22:00:00,28.8,29.0,3.7,11.3,309.0,43.2
2026-01-22 23:00:00,23.1,23.2,3.4,10.9,318.0,34.650000000000006
2026-01-23 00:00:00,21.2,21.7,4.2,11.4,350.0,31.799999999999997
2026-01-23 01:00:00,19.0,19.7,7.3,11.6,428.0,28.5
2026-01-23 02:00:00,19.5,20.2,11.4,11.8,529.0,29.25
2026-01-23 03:00:00,19.8,20.2,14.0,11.8,588.0,29.700000000000003
2026-01-23 04:00:00,21.0,21.6,13.7,11.3,562.0,31.5
2026-01-23 05:00:00,22.8,23.5,11.8,10.4,493.0,34.2
2026-01-23 06:00:00,19.9,21.1,10.0,9.8,448.0,29.849999999999998
2026-01-23 07:00:00,19.4,21.9,8.2,9.5,451.0,29.099999999999998
2026-01-23 08:00:00,19.8,24.3,6.3,9.3,476.0,29.700000000000003
2026-01-23 09:00:00,19.4,26.5,6.3,9.3,516.0,29.099999999999998
2026-01-23 10:00:00,20.8,31.2,7.6,9.3,541.0,31.200000000000003
2026-01-23 11:00:00,20.5,33.5,10.7,9.4,579.0,30.75
2026-01-23 12:00:00,15.9,17.9,20.7,5.9,709.0,23.85
2026-01-23 13:00:00,19.0,20.8,22.8,6.5,1060.0,28.5
2026-01-23 14:00:00,23.7,26.0,25.8,7.3,1501.0,35.55
2026-01-23 15:00:00,28.7,31.4,28.1,8.0,1721.0,43.05
2026-01-23 16:00:00,32.6,35.7,29.7,8.5,1514.0,48.900000000000006
2026-01-23 17:00:00,33.2,35.6,30.6,8.8,1085.0,49.800000000000004
2026-01-23 18:00:00,30.3,32.0,30.1,8.7,739.0,45.45
2026-01-23 19:00:00,24.4,25.6,26.6,7.9,596.0,36.599999999999994
2026-01-23 20:00:00,20.0,21.1,21.5,6.7,536.0,30.0
2026-01-23 21:00:00,19.2,20.1,18.6,5.9,503.0,28.799999999999997
2026-01-23 22:00:00,20.1,21.5,19.3,5.6,417.0,30.150000000000002
2026-01-23 23:00:00,21.9,23.7,22.1,5.6,358.0,32.849999999999994
2026-01-24 00:00:00,27.6,29.3,24.8,7.4,514.0,41.400000000000006
2026-01-24 01:00:00,25.3,27.3,33.4,8.3,1155.0,37.95
2026-01-24 02:00:00,30.2,32.4,44.8,9.7,2010.0,45.3
2026-01-24 03:00:00,41.4,43.2,49.5,11.8,2458.0,62.099999999999994
2026-01-24 04:00:00,37.4,38.9,41.1,15.4,2099.0,56.099999999999994
2026-01-24 05:00:00,16.2,21.7,26.1,19.6,1333.0,24.299999999999997
2026-01-24 06:00:00,15.7,21.5,14.3,22.4,736.0,23.549999999999997
2026-01-24 07:00:00,14.8,20.0,9.4,22.6,538.0,22.200000000000003
2026-01-24 08:00:00,13.9,17.8,7.8,21.3,509.0,20.85
2026-01-24 09:00:00,13.1,15.9,8.5,19.6,534.0,19.65
2026-01-24 10:00:00,12.6,14.6,10.8,17.7,607.0,18.9
2026-01-24 11:00:00,13.2,14.6,15.5,15.4,735.0,19.799999999999997
2026-01-24 12:00:00,19.1,20.5,23.0,11.9,823.0,28.650000000000002
2026-01-24 13:00:00,28.3,29.9,36.0,12.3,835.0,42.45
2026-01-24 14:00:00,37.0,38.8,53.6,12.7,807.0,55.5
2026-01-24 15:00:00,43.4,45.2,65.0,13.0,759.0,65.1
2026-01-24 16:00:00,47.0,48.7,64.5,13.0,686.0,70.5
2026-01-24 17:00:00,49.7,51.3,57.8,12.7,593.0,74.55000000000001
2026-01-24 18:00:00,50.2,51.8,50.3,12.0,511.0,75.30000000000001
2026-01-24 19:00:00,49.1,50.6,43.4,10.6,443.0,73.65
2026-01-24 20:00:00,47.8,49.4,35.8,8.8,387.0,71.69999999999999
2026-01-24 21:00:00,47.0,48.4,29.4,7.3,361.0,70.5
2026-01-24 22:00:00,46.6,47.8,23.5,6.2,346.0,69.9
2026-01-24 23:00:00,46.1,47.4,18.9,5.5,362.0,69.15
2026-01-25 00:00:00,40.2,41.2,11.6,4.9,489.0,60.300000000000004
2026-01-25 01:00:00,41.2,42.1,24.4,6.3,870.0,61.800000000000004
2026-01-25 02:00:00,47.1,48.1,41.6,8.2,1361.0,70.65
2026-01-25 03:00:00,56.6,57.4,51.5,9.7,1613.0,84.9
2026-01-25 04:00:00,60.5,61.2,47.3,10.2,1388.0,90.75
2026-01-25 05:00:00,58.6,59.4,35.7,10.2,923.0,87.9
2026-01-25 06:00:00,35.9,38.0,25.5,10.5,581.0,53.849999999999994
2026-01-25 07:00:00,31.1,33.3,18.1,11.3,510.0,46.650000000000006
2026-01-25 08:00:00,27.9,30.5,12.1,12.4,561.0,41.849999999999994
2026-01-25 09:00:00,26.6,29.7,11.1,13.3,653.0,39.900000000000006
2026-01-25 10:00:00,26.9,30.0,17.0,13.7,789.0,40.349999999999994
2026-01-25 11:00:00,28.2,31.0,28.1,14.0,966.0,42.3
2026-01-25 12:00:00,32.0,34.1,44.8,12.2,1094.0,48.0
2026-01-25 13:00:00,47.1,49.0,63.3,14.2,1136.0,70.65
2026-01-25 14:00:00,61.7,63.6,88.5,16.9,1129.0,92.55000000000001
2026-01-25 15:00:00,74.0,75.9,105.9,18.3,1100.0,111.0
2026-01-25 16:00:00,78.2,80.1,109.5,17.5,1054.0,117.30000000000001
2026-01-25 17:00:00,74.5,76.4,105.2,15.5,986.0,111.75
2026-01-25 18:00:00,67.8,69.4,95.9,13.2,907.0,101.69999999999999
2026-01-25 19:00:00,60.3,62.2,79.9,10.8,808.0,90.44999999999999
2026-01-25 20:00:00,53.8,55.8,58.8,8.1,698.0,80.69999999999999
2026-01-25 21:00:00,48.0,49.9,41.2,6.1,609.0,72.0
2026-01-25 22:00:00,43.3,45.4,28.5,4.9,490.0,64.94999999999999
2026-01-25 23:00:00,39.9,41.9,19.1,4.4,392.0,59.849999999999994
2026-01-26 00:00:00,31.0,32.9,8.0,4.6,504.0,46.5
2026-01-26 01:00:00,29.3,31.4,18.7,5.9,1066.0,43.95
2026-01-26 02:00:00,32.8,34.9,33.3,7.6,1839.0,49.199999999999996
2026-01-26 03:00:00,40.0,42.1,43.7,9.1,2292.0,60.0
2026-01-26 04:00:00,44.5,46.6,46.1,9.6,2097.0,66.75
2026-01-26 05:00:00,50.5,51.8,44.2,9.9,1582.0,75.75
2026-01-26 06:00:00,39.7,45.2,41.6,10.9,1206.0,59.550000000000004
2026-01-26 07:00:00,29.0,38.5,36.7,13.5,1050.0,43.5
2026-01-26 08:00:00,27.9,38.1,30.9,16.8,1032.0,41.849999999999994
2026-01-26 09:00:00,29.6,39.0,32.1,19.7,1362.0,44.400000000000006
2026-01-26 10:00:00,34.0,41.6,46.8,20.9,2326.0,51.0
2026-01-26 11:00:00,44.5,50.1,68.4,21.7,3637.0,66.75
2026-01-26 12:00:00,68.5,73.8,77.1,17.9,4654.0,102.75
2026-01-26 13:00:00,89.2,96.4,75.1,22.9,5185.0,133.8
2026-01-26 14:00:00,106.6,114.6,72.3,29.4,5420.0,159.89999999999998
2026-01-26 15:00:00,114.1,122.5,70.1,32.7,5287.0,171.14999999999998
2026-01-26 16:00:00,103.6,112.2,69.6,29.6,4618.0,155.39999999999998
2026-01-26 17:00:00,88.0,96.2,69.7,23.2,3582.0,132.0
2026-01-26 18:00:00,77.3,85.7,68.8,17.4,2610.0,115.94999999999999
2026-01-26 19:00:00,66.1,74.0,67.5,13.5,1799.0,99.14999999999999
2026-01-26 20:00:00,54.4,61.9,65.1,10.2,1053.0,81.6
2026-01-26 21:00:00,43.3,50.5,57.9,7.7,515.0,64.94999999999999
2026-01-26 22:00:00,35.7,43.0,40.3,6.2,264.0,53.550000000000004
2026-01-26 23:00:00,30.4,37.5,17.9,5.5,221.0,45.599999999999994
2026-01-27 00:00:00,18.6,22.0,3.4,6.0,288.0,27.900000000000002
2026-01-27 01:00:00,17.2,20.8,12.5,6.6,472.0,25.799999999999997
2026-01-27 02:00:00,20.0,23.6,25.2,7.4,767.0,30.0
2026-01-27 03:00:00,26.5,30.0,35.5,8.2,1055.0,39.75
2026-01-27 04:00:00,33.1,36.4,41.9,9.0,1367.0,49.650000000000006
2026-01-27 05:00:00,37.8,41.2,46.0,9.9,1672.0,56.699999999999996
2026-01-27 06:00:00,40.0,44.0,46.5,10.7,1768.0,60.0
2026-01-27 07:00:00,44.5,48.5,40.6,11.5,1453.0,66.75
2026-01-27 08:00:00,47.4,51.8,31.1,12.2,929.0,71.1
2026-01-27 09:00:00,34.6,45.5,25.3,12.9,593.0,51.900000000000006
2026-01-27 10:00:00,29.7,42.3,25.7,13.3,562.0,44.55
2026-01-27 11:00:00,29.7,41.8,29.8,13.8,720.0,44.55
2026-01-27 12:00:00,31.7,35.9,35.3,11.7,1111.0,47.55
2026-01-27 13:00:00,35.5,39.1,47.5,12.5,1992.0,53.25
2026-01-27 14:00:00,43.7,47.3,64.1,13.6,3107.0,65.55000000000001
2026-01-27 15:00:00,52.2,56.6,75.4,14.4,3730.0,78.30000000000001
2026-01-27 16:00:00,58.7,62.2,76.3,15.0,3443.0,88.05000000000001
2026-01-27 17:00:00,64.0,67.1,71.9,15.3,2664.0,96.0
2026-01-27 18:00:00,65.7,68.5,67.6,14.9,1924.0,98.55000000000001
2026-01-27 19:00:00,61.7,64.0,65.8,13.4,1360.0,92.55000000000001
2026-01-27 20:00:00,56.0,58.4,64.2,11.2,835.0,84.0
2026-01-27 21:00:00,50.8,53.1,61.2,9.4,466.0,76.19999999999999
2026-01-27 22:00:00,45.8,48.2,54.7,8.3,277.0,68.69999999999999
2026-01-27 23:00:00,41.4,43.8,46.9,7.5,243.0,62.099999999999994
2026-01-28 00:00:00,37.8,38.8,31.3,6.7,408.0,56.699999999999996
2026-01-28 01:00:00,34.6,36.1,35.9,7.8,974.0,51.900000000000006
2026-01-28 02:00:00,38.6,39.8,41.8,9.4,1738.0,57.900000000000006
2026-01-28 03:00:00,41.8,43.1,43.9,11.0,2133.0,62.699999999999996
2026-01-28 04:00:00,44.6,45.9,38.5,12.6,1790.0,66.9
2026-01-28 05:00:00,32.8,34.3,29.1,14.3,1078.0,49.199999999999996
2026-01-28 06:00:00,26.1,28.5,21.2,15.9,540.0,39.150000000000006
2026-01-28 07:00:00,22.1,24.5,15.5,17.5,380.0,33.150000000000006
2026-01-28 08:00:00,20.5,22.9,11.2,19.0,393.0,30.75
2026-01-28 09:00:00,20.1,22.8,11.7,20.3,514.0,30.150000000000002
2026-01-28 10:00:00,20.5,23.5,18.5,20.8,762.0,30.75
2026-01-28 11:00:00,22.0,25.3,29.9,21.1,1117.0,33.0
2026-01-28 12:00:00,24.3,25.4,46.3,18.2,1450.0,36.45
2026-01-28 13:00:00,46.1,47.3,63.4,23.3,1765.0,69.15
2026-01-28 14:00:00,64.3,65.4,86.8,30.2,2057.0,96.44999999999999
2026-01-28 15:00:00,74.7,76.8,102.3,34.4,2184.0,112.05000000000001
2026-01-28 16:00:00,80.8,83.8,102.9,33.9,2046.0,121.19999999999999
2026-01-28 17:00:00,86.4,90.3,95.7,30.8,1742.0,129.60000000000002
2026-01-28 18:00:00,87.8,91.5,88.0,26.8,1428.0,131.7
2026-01-28 19:00:00,79.2,82.2,83.0,21.7,1125.0,118.80000000000001
2026-01-28 20:00:00,65.2,67.5,77.4,15.7,812.0,97.80000000000001
2026-01-28 21:00:00,52.4,54.1,69.1,11.1,580.0,78.6
2026-01-28 22:00:00,43.4,44.7,53.8,8.9,437.0,65.1
2026-01-28 23:00:00,37.4,38.4,35.8,8.1,374.0,56.099999999999994
2026-01-29 00:00:00,31.3,32.1,18.6,5.6,457.0,46.95
2026-01-29 01:00:00,28.7,29.6,27.5,6.4,846.0,43.05
2026-01-29 02:00:00,31.9,32.8,39.5,7.7,1381.0,47.849999999999994
2026-01-29 03:00:00,38.9,39.9,45.7,8.9,1646.0,58.349999999999994
2026-01-29 04:00:00,43.8,44.9,40.9,10.1,1359.0,65.69999999999999
2026-01-29 05:00:00,36.1,38.0,30.3,11.4,802.0,54.150000000000006
2026-01-29 06:00:00,21.0,24.6,21.3,12.5,406.0,31.5
2026-01-29 07:00:00,18.8,22.8,15.2,13.4,349.0,28.200000000000003
2026-01-29 08:00:00,17.6,21.4,10.7,14.1,452.0,26.400000000000002
2026-01-29 09:00:00,16.8,20.1,11.1,14.7,609.0,25.200000000000003
2026-01-29 10:00:00,16.5,19.6,18.5,14.8,792.0,24.75
2026-01-29 11:00:00,17.4,20.1,30.8,14.6,1028.0,26.099999999999998
2026-01-29 12:00:00,26.1,28.1,50.6,15.9,1291.0,39.150000000000006
2026-01-29 13:00:00,50.6,52.6,67.6,18.7,1651.0,75.9
2026-01-29 14:00:00,67.5,70.8,90.8,22.4,2036.0,101.25
2026-01-29 15:00:00,74.0,77.5,105.7,24.3,2209.0,111.0
2026-01-29 16:00:00,76.6,80.3,105.0,22.8,2008.0,114.89999999999999
2026-01-29 17:00:00,79.2,82.4,96.1,19.5,1594.0,118.80000000000001
2026-01-29 18:00:00,76.4,78.9,86.2,16.1,1207.0,114.60000000000001
2026-01-29 19:00:00,65.4,67.8,77.8,13.0,907.0,98.10000000000001
2026-01-29 20:00:00,51.9,54.2,68.5,9.8,634.0,77.85
2026-01-29 21:00:00,42.0,43.9,58.5,7.3,445.0,63.0
2026-01-29 22:00:00,36.4,38.1,45.1,5.8,310.0,54.599999999999994
2026-01-29 23:00:00,33.5,34.9,31.0,5.1,259.0,50.25
2026-01-30 00:00:00,24.2,25.2,7.5,4.1,442.0,36.3
2026-01-30 01:00:00,23.4,24.6,20.3,5.5,1124.0,35.099999999999994
2026-01-30 02:00:00,28.0,29.3,37.5,7.5,2041.0,42.0
2026-01-30 03:00:00,36.6,37.8,47.8,9.2,2546.0,54.900000000000006
2026-01-30 04:00:00,38.5,40.2,44.6,10.1,2235.0,57.75
2026-01-30 05:00:00,44.7,45.9,34.6,10.6,1513.0,67.05000000000001
2026-01-30 06:00:00,23.9,28.5,25.6,11.5,950.0,35.849999999999994
2026-01-30 07:00:00,15.8,21.0,18.1,13.1,742.0,23.700000000000003
2026-01-30 08:00:00,13.9,19.2,11.8,15.1,694.0,20.85
2026-01-30 09:00:00,14.1,19.1,13.7,17.0,787.0,21.15
2026-01-30 10:00:00,15.1,19.7,30.0,18.5,1055.0,22.65
2026-01-30 11:00:00,17.3,21.5,54.4,19.9,1466.0,25.950000000000003
2026-01-30 12:00:00,43.9,47.0,90.9,19.5,1901.0,65.85
2026-01-30 13:00:00,65.7,70.3,98.3,24.3,2434.0,98.55000000000001
2026-01-30 14:00:00,82.7,87.8,108.3,30.7,2992.0,124.05000000000001
2026-01-30 15:00:00,92.7,98.3,113.2,34.1,3240.0,139.05
2026-01-30 16:00:00,99.2,104.8,109.2,31.9,2948.0,148.8
2026-01-30 17:00:00,104.1,109.4,100.1,26.6,2347.0,156.14999999999998
2026-01-30 18:00:00,102.2,106.2,90.5,21.3,1790.0,153.3
2026-01-30 19:00:00,92.4,95.5,81.1,16.4,1375.0,138.60000000000002
2026-01-30 20:00:00,78.9,81.5,71.1,11.4,1005.0,118.35000000000001
2026-01-30 21:00:00,66.8,68.9,62.4,7.7,743.0,100.19999999999999
2026-01-30 22:00:00,55.5,57.9,55.4,6.0,602.0,83.25
2026-01-30 23:00:00,47.0,49.9,49.6,5.8,568.0,70.5
2026-01-31 00:00:00,25.5,27.7,5.6,5.3,664.0,38.25
2026-01-31 01:00:00,26.1,28.3,19.4,7.2,1017.0,39.150000000000006
2026-01-31 02:00:00,34.0,36.1,37.9,9.8,1500.0,51.0
2026-01-31 03:00:00,43.3,45.2,48.0,12.1,1748.0,64.94999999999999
2026-01-31 04:00:00,45.6,47.1,41.5,13.7,1526.0,68.4
2026-01-31 05:00:00,41.1,43.2,26.6,15.0,1070.0,61.650000000000006
2026-01-31 06:00:00,31.1,33.2,14.6,15.6,721.0,46.650000000000006
2026-01-31 07:00:00,26.0,27.8,8.1,15.2,555.0,39.0
2026-01-31 08:00:00,24.7,26.3,4.5,14.2,497.0,37.05
2026-01-31 09:00:00,24.7,26.1,7.8,13.7,659.0,37.05
2026-01-31 10:00:00,24.7,26.0,21.2,13.8,1189.0,37.05
2026-01-31 11:00:00,26.0,27.3,41.4,14.4,1940.0,39.0
2026-01-31 12:00:00,36.8,37.5,62.9,16.8,2587.0,55.199999999999996
2026-01-31 13:00:00,57.7,58.6,81.3,22.2,3106.0,86.55000000000001
2026-01-31 14:00:00,76.8,78.5,106.4,29.4,3520.0,115.19999999999999
2026-01-31 15:00:00,87.5,90.3,122.9,33.5,3575.0,131.25
2026-01-31 16:00:00,91.3,94.8,125.1,31.8,3011.0,136.95
2026-01-31 17:00:00,89.9,93.4,118.8,26.9,2088.0,134.85000000000002
2026-01-31 18:00:00,80.1,83.1,106.1,22.1,1329.0,120.14999999999999
2026-01-31 19:00:00,69.2,71.2,83.6,18.2,930.0,103.80000000000001
2026-01-31 20:00:00,59.3,60.8,54.8,14.3,696.0,88.94999999999999
2026-01-31 21:00:00,50.3,51.1,31.9,11.3,558.0,75.44999999999999
2026-01-31 22:00:00,43.4,44.0,18.8,9.6,466.0,65.1
2026-01-31 23:00:00,38.6,39.3,11.7,8.8,470.0,57.900000000000006
2026-02-01 00:00:00,35.3,36.1,8.5,8.2,660.0,52.949999999999996
2026-02-01 01:00:00,33.4,34.1,23.5,9.1,1260.0,50.099999999999994
2026-02-01 02:00:00,38.2,39.0,43.5,10.3,2045.0,57.300000000000004
2026-02-01 03:00:00,47.0,47.7,53.5,11.7,2427.0,70.5
2026-02-01 04:00:00,50.1,50.8,43.7,13.3,2007.0,75.15
2026-02-01 05:00:00,38.9,42.0,23.9,15.0,1183.0,58.349999999999994
2026-02-01 06:00:00,36.8,42.6,9.0,16.1,570.0,55.199999999999996
2026-02-01 07:00:00,37.0,44.6,3.8,15.9,380.0,55.5
2026-02-01 08:00:00,36.2,43.5,3.5,15.1,400.0,54.300000000000004
2026-02-01 09:00:00,36.6,45.2,8.7,14.8,600.0,54.900000000000006
2026-02-01 10:00:00,37.5,48.0,21.8,15.4,1059.0,56.25
2026-02-01 11:00:00,37.7,48.3,40.4,16.5,1698.0,56.550000000000004
2026-02-01 12:00:00,53.0,63.3,41.9,16.5,2256.0,79.5
2026-02-01 13:00:00,85.9,95.9,64.9,22.3,2716.0,128.85000000000002
2026-02-01 14:00:00,108.0,117.8,96.2,30.1,3094.0,162.0
2026-02-01 15:00:00,117.6,127.1,116.6,34.7,3179.0,176.39999999999998
2026-02-01 16:00:00,120.1,129.9,116.3,33.6,2768.0,180.14999999999998
2026-02-01 17:00:00,124.8,134.1,105.1,29.4,2064.0,187.2
2026-02-01 18:00:00,128.5,136.0,93.7,24.6,1465.0,192.75
2026-02-01 19:00:00,119.7,124.8,86.6,19.3,1108.0,179.55
2026-02-01 20:00:00,102.0,105.5,79.2,13.5,855.0,153.0
2026-02-01 21:00:00,77.8,81.0,68.3,9.1,694.0,116.69999999999999
2026-02-01 22:00:00,59.6,63.3,48.5,7.2,601.0,89.4
2026-02-01 23:00:00,50.9,54.0,25.3,6.7,600.0,76.35
2026-02-02 00:00:00,47.8,50.8,11.6,6.4,746.0,71.69999999999999
2026-02-02 01:00:00,42.4,44.9,21.9,7.4,1223.0,63.599999999999994
2026-02-02 02:00:00,42.7,44.8,35.7,8.9,1848.0,64.05000000000001
2026-02-02 03:00:00,45.5,47.7,43.3,10.7,2126.0,68.25
2026-02-02 04:00:00,43.9,46.2,38.9,13.3,1708.0,65.85
2026-02-02 05:00:00,41.1,43.1,28.2,16.2,943.0,61.650000000000006
2026-02-02 06:00:00,33.2,39.5,19.2,17.9,384.0,49.800000000000004
2026-02-02 07:00:00,27.9,35.3,13.3,17.3,270.0,41.849999999999994
2026-02-02 08:00:00,23.9,31.7,8.9,15.4,362.0,35.849999999999994
2026-02-02 09:00:00,21.9,30.2,9.4,14.2,496.0,32.849999999999994
2026-02-02 10:00:00,22.9,31.1,16.2,14.4,638.0,34.349999999999994
2026-02-02 11:00:00,26.0,33.6,27.8,15.2,821.0,39.0
2026-02-02 12:00:00,28.5,37.8,48.7,12.7,984.0,42.75
2026-02-02 13:00:00,45.8,53.8,67.0,14.6,1125.0,68.69999999999999
2026-02-02 14:00:00,57.9,64.5,92.0,17.1,1245.0,86.85
2026-02-02 15:00:00,68.0,74.3,108.5,18.7,1288.0,102.0
2026-02-02 16:00:00,77.1,83.1,109.0,18.7,1206.0,115.64999999999999
2026-02-02 17:00:00,82.7,88.5,101.1,17.8,1047.0,124.05000000000001
2026-02-02 18:00:00,82.2,87.5,92.0,16.2,901.0,123.30000000000001
2026-02-02 19:00:00,74.0,78.7,83.9,13.7,789.0,111.0
2026-02-02 20:00:00,64.5,68.9,74.7,10.7,690.0,96.75
2026-02-02 21:00:00,56.7,61.0,64.8,8.2,630.0,85.05000000000001
2026-02-02 22:00:00,50.9,55.3,52.3,6.7,568.0,76.35
2026-02-02 23:00:00,45.6,49.9,39.1,5.9,544.0,68.4
2026-02-03 00:00:00,26.0,27.9,11.7,3.3,705.0,39.0
2026-02-03 01:00:00,23.6,26.0,22.3,4.4,1285.0,35.400000000000006
2026-02-03 02:00:00,28.1,30.5,36.4,6.0,2049.0,42.150000000000006
2026-02-03 03:00:00,36.3,38.9,44.0,8.0,2443.0,54.449999999999996
2026-02-03 04:00:00,42.5,45.2,38.7,11.1,2106.0,63.75
2026-02-03 05:00:00,34.0,39.8,26.8,14.5,1398.0,51.0
2026-02-03 06:00:00,16.5,24.1,16.8,16.5,843.0,24.75
2026-02-03 07:00:00,15.3,22.8,10.9,15.6,644.0,22.950000000000003
2026-02-03 08:00:00,15.8,23.3,7.0,13.2,598.0,23.700000000000003
2026-02-03 09:00:00,17.3,24.6,7.2,11.4,623.0,25.950000000000003
2026-02-03 10:00:00,18.3,25.2,13.3,11.0,728.0,27.450000000000003
2026-02-03 11:00:00,20.7,28.1,23.5,11.3,905.0,31.049999999999997
2026-02-03 12:00:00,22.3,26.7,35.9,9.8,1047.0,33.45
2026-02-03 13:00:00,38.3,43.2,53.7,10.7,1121.0,57.449999999999996
2026-02-03 14:00:00,46.7,51.3,78.0,12.0,1160.0,70.05000000000001
2026-02-03 15:00:00,52.9,57.2,93.6,12.6,1153.0,79.35
2026-02-03 16:00:00,56.7,60.8,93.9,12.1,1087.0,85.05000000000001
2026-02-03 17:00:00,56.6,60.1,85.6,11.0,976.0,84.9
2026-02-03 18:00:00,51.3,54.1,73.9,9.7,851.0,76.94999999999999
2026-02-03 19:00:00,41.4,43.8,57.9,8.0,705.0,62.099999999999994
2026-02-03 20:00:00,33.5,35.6,38.4,6.0,546.0,50.25
2026-02-03 21:00:00,29.0,30.9,23.2,4.6,431.0,43.5
2026-02-03 22:00:00,26.0,27.8,14.6,4.0,328.0,39.0
2026-02-03 23:00:00,23.9,25.5,10.3,4.0,270.0,35.849999999999994
2026-02-04 00:00:00,23.9,25.6,12.5,4.4,407.0,35.849999999999994
2026-02-04 01:00:00,22.2,23.5,22.8,5.4,985.0,33.3
2026-02-04 02:00:00,25.6,26.7,36.6,6.8,1759.0,38.400000000000006
2026-02-04 03:00:00,31.5,32.6,43.6,8.3,2145.0,47.25
2026-02-04 04:00:00,32.7,34.0,37.2,10.3,1758.0,49.050000000000004
2026-02-04 05:00:00,23.4,25.4,23.9,12.4,983.0,35.099999999999994
2026-02-04 06:00:00,13.3,17.2,13.2,13.3,396.0,19.950000000000003
2026-02-04 07:00:00,12.4,16.6,7.8,12.0,230.0,18.6
2026-02-04 08:00:00,11.6,15.8,5.0,9.5,252.0,17.4
2026-02-04 09:00:00,11.3,15.7,5.6,7.8,334.0,16.950000000000003
2026-02-04 10:00:00,11.5,15.8,9.9,7.9,469.0,17.25
2026-02-04 11:00:00,12.2,16.4,17.7,8.8,665.0,18.299999999999997
2026-02-04 12:00:00,19.7,22.6,37.1,9.8,815.0,29.549999999999997
2026-02-04 13:00:00,27.2,30.3,50.4,10.7,882.0,40.8
2026-02-04 14:00:00,35.6,39.1,68.6,11.9,904.0,53.400000000000006
2026-02-04 15:00:00,43.1,47.0,81.9,12.7,886.0,64.65
2026-02-04 16:00:00,50.2,54.2,86.8,12.9,815.0,75.30000000000001
2026-02-04 17:00:00,55.4,59.3,86.7,12.7,703.0,83.1
2026-02-04 18:00:00,56.1,59.4,82.1,12.0,596.0,84.15
2026-02-04 19:00:00,51.0,53.8,71.0,10.4,498.0,76.5
2026-02-04 20:00:00,44.1,46.4,55.3,8.3,404.0,66.15
2026-02-04 21:00:00,37.1,39.1,41.5,6.5,343.0,55.650000000000006
2026-02-04 22:00:00,31.5,33.3,30.5,5.3,300.0,47.25
2026-02-04 23:00:00,27.2,28.6,21.4,4.5,289.0,40.8
2026-02-05 00:00:00,23.4,24.2,8.8,3.4,385.0,35.099999999999994
2026-02-05 01:00:00,22.8,23.6,16.7,4.1,720.0,34.2
2026-02-05 02:00:00,25.7,26.6,27.4,5.2,1161.0,38.55
2026-02-05 03:00:00,31.2,32.0,33.9,6.1,1381.0,46.8
2026-02-05 04:00:00,36.6,37.0,32.5,6.6,1154.0,54.900000000000006
2026-02-05 05:00:00,34.1,35.4,26.9,7.0,705.0,51.150000000000006
2026-02-05 06:00:00,18.2,22.6,21.8,8.1,386.0,27.299999999999997
2026-02-05 07:00:00,13.8,19.1,17.2,10.7,339.0,20.700000000000003
2026-02-05 08:00:00,13.9,19.4,13.1,14.1,422.0,20.85
2026-02-05 09:00:00,15.6,21.1,13.5,16.8,555.0,23.4
2026-02-05 10:00:00,18.0,23.2,20.3,18.1,720.0,27.0
2026-02-05 11:00:00,21.1,25.9,31.7,18.7,936.0,31.650000000000002
2026-02-05 12:00:00,25.7,28.5,60.7,21.6,1181.0,38.55
2026-02-05 13:00:00,49.0,51.8,73.8,25.2,1509.0,73.5
2026-02-05 14:00:00,66.1,70.1,91.6,29.9,1865.0,99.14999999999999
2026-02-05 15:00:00,72.6,78.0,102.6,32.0,2063.0,108.89999999999999
2026-02-05 16:00:00,78.9,84.3,100.4,29.4,1999.0,118.35000000000001
2026-02-05 17:00:00,81.5,86.6,91.3,24.2,1776.0,122.25
2026-02-05 18:00:00,78.2,82.4,82.9,19.2,1518.0,117.30000000000001
2026-02-05 19:00:00,70.5,74.0,78.7,15.1,1232.0,105.75
2026-02-05 20:00:00,59.4,62.4,75.1,11.1,912.0,89.1
2026-02-05 21:00:00,49.7,52.5,68.9,8.2,660.0,74.55000000000001
2026-02-05 22:00:00,43.7,46.2,55.8,6.6,469.0,65.55000000000001
2026-02-05 23:00:00,38.8,41.3,40.1,6.0,347.0,58.199999999999996
2026-02-06 00:00:00,21.9,23.7,11.1,4.6,418.0,32.849999999999994
2026-02-06 01:00:00,21.0,22.8,21.1,5.4,875.0,31.5
2026-02-06 02:00:00,24.7,26.7,34.5,6.5,1525.0,37.05
2026-02-06 03:00:00,33.2,34.9,42.2,8.0,1917.0,49.800000000000004
2026-02-06 04:00:00,39.3,41.1,38.9,9.7,1805.0,58.949999999999996
2026-02-06 05:00:00,35.7,39.3,29.9,11.7,1435.0,53.550000000000004
2026-02-06 06:00:00,20.7,25.7,22.2,14.0,1096.0,31.049999999999997
2026-02-06 07:00:00,20.0,24.6,17.2,17.0,862.0,30.0
2026-02-06 08:00:00,18.9,23.2,13.5,20.3,658.0,28.349999999999998
2026-02-06 09:00:00,18.3,22.5,13.9,22.5,549.0,27.450000000000003
2026-02-06 10:00:00,18.2,22.1,21.8,22.9,594.0,27.299999999999997
2026-02-06 11:00:00,20.5,25.3,33.8,22.2,734.0,30.75
2026-02-06 12:00:00,18.6,27.2,48.0,13.7,856.0,27.900000000000002
2026-02-06 13:00:00,25.8,38.6,49.7,12.4,919.0,38.7
2026-02-06 14:00:00,26.2,44.1,52.2,10.6,964.0,39.3
2026-02-06 15:00:00,27.1,46.4,54.1,9.3,1003.0,40.650000000000006
2026-02-06 16:00:00,29.0,47.5,55.6,9.0,1069.0,43.5
2026-02-06 17:00:00,32.9,50.1,56.6,9.2,1130.0,49.349999999999994
2026-02-06 18:00:00,36.8,51.5,55.7,9.1,1098.0,55.199999999999996
2026-02-06 19:00:00,36.9,48.7,52.1,8.3,884.0,55.349999999999994
2026-02-06 20:00:00,36.0,45.8,46.7,7.2,578.0,54.0
2026-02-06 21:00:00,33.9,43.5,40.6,6.4,358.0,50.849999999999994
2026-02-06 22:00:00,31.3,41.2,32.3,5.9,285.0,46.95
2026-02-06 23:00:00,28.9,38.5,23.3,5.6,298.0,43.349999999999994
2026-02-07 00:00:00,27.0,33.2,18.1,5.5,393.0,40.5
2026-02-07 01:00:00,26.4,31.5,27.5,6.4,651.0,39.599999999999994
2026-02-07 02:00:00,30.4,35.5,40.0,7.7,991.0,45.599999999999994
2026-02-07 03:00:00,36.2,41.7,46.2,9.0,1166.0,54.300000000000004
2026-02-07 04:00:00,36.0,43.1,40.3,10.4,1013.0,54.0
2026-02-07 05:00:00,28.5,42.7,28.1,11.8,695.0,42.75
2026-02-07 06:00:00,24.9,45.9,18.0,12.7,455.0,37.349999999999994
2026-02-07 07:00:00,21.5,41.4,12.4,12.9,382.0,32.25
2026-02-07 08:00:00,18.0,33.8,8.8,12.5,387.0,27.0
2026-02-07 09:00:00,15.9,29.0,8.4,12.2,441.0,23.85
2026-02-07 10:00:00,14.6,25.8,10.9,11.8,550.0,21.9
2026-02-07 11:00:00,14.2,23.7,16.5,11.4,708.0,21.299999999999997
2026-02-07 12:00:00,16.8,17.4,30.9,11.6,868.0,25.200000000000003
2026-02-07 13:00:00,26.8,28.0,51.0,12.8,1052.0,40.2
2026-02-07 14:00:00,39.0,40.9,78.4,14.5,1237.0,58.5
2026-02-07 15:00:00,49.5,51.8,97.5,15.3,1310.0,74.25
2026-02-07 16:00:00,55.5,57.7,101.5,14.8,1189.0,83.25
2026-02-07 17:00:00,56.9,59.1,97.2,13.5,955.0,85.35
2026-02-07 18:00:00,52.6,54.5,88.8,11.9,741.0,78.9
2026-02-07 19:00:00,44.2,46.0,75.7,9.9,581.0,66.30000000000001
2026-02-07 20:00:00,36.1,38.0,58.6,7.5,442.0,54.150000000000006
2026-02-07 21:00:00,30.3,32.6,43.8,5.7,350.0,45.45
2026-02-07 22:00:00,26.8,29.3,32.3,4.7,289.0,40.2
2026-02-07 23:00:00,24.0,26.5,23.2,4.2,277.0,36.0
2026-02-08 00:00:00,20.0,21.9,10.2,3.3,394.0,30.0
2026-02-08 01:00:00,17.6,20.0,18.4,4.0,800.0,26.400000000000002
2026-02-08 02:00:00,19.7,22.1,29.4,5.1,1336.0,29.549999999999997
2026-02-08 03:00:00,24.8,27.1,35.9,6.1,1600.0,37.2
2026-02-08 04:00:00,29.3,31.0,33.4,6.8,1317.0,43.95
2026-02-08 05:00:00,29.5,31.8,26.4,7.5,763.0,44.25
2026-02-08 06:00:00,14.6,21.8,20.4,8.5,368.0,21.9
2026-02-08 07:00:00,12.6,19.4,16.0,10.2,301.0,18.9
2026-02-08 08:00:00,12.5,18.6,12.7,12.3,393.0,18.75
2026-02-08 09:00:00,13.6,18.9,14.4,14.1,560.0,20.4
2026-02-08 10:00:00,15.3,20.0,23.9,15.1,806.0,22.950000000000003
2026-02-08 11:00:00,18.0,22.1,38.4,15.8,1128.0,27.0
2026-02-08 12:00:00,27.6,31.0,53.3,17.0,1433.0,41.400000000000006
2026-02-08 13:00:00,48.4,52.5,69.3,19.6,1742.0,72.6
2026-02-08 14:00:00,64.0,69.4,85.7,22.8,2035.0,96.0
2026-02-08 15:00:00,70.3,75.7,96.2,24.1,2149.0,105.44999999999999
2026-02-08 16:00:00,73.1,78.5,97.1,22.3,1965.0,109.64999999999999
2026-02-08 17:00:00,71.0,75.7,92.1,18.7,1603.0,106.5
2026-02-08 18:00:00,67.1,71.2,86.1,15.2,1267.0,100.64999999999999
2026-02-08 19:00:00,61.5,65.0,80.5,12.1,1017.0,92.25
2026-02-08 20:00:00,56.3,59.1,73.8,9.0,793.0,84.44999999999999
2026-02-08 21:00:00,53.2,55.4,66.8,6.6,622.0,79.80000000000001
2026-02-08 22:00:00,51.5,53.6,58.9,5.0,478.0,77.25
2026-02-08 23:00:00,49.8,52.0,50.7,4.2,387.0,74.69999999999999
2026-02-09 00:00:00,48.5,50.8,44.5,4.3,446.0,72.75
2026-02-09 01:00:00,48.5,50.9,42.4,5.4,814.0,72.75
2026-02-09 02:00:00,56.6,58.9,42.4,7.4,1333.0,84.9
2026-02-09 03:00:00,71.0,73.1,41.0,10.7,1625.0,106.5
2026-02-09 04:00:00,78.7,80.8,36.6,16.7,1457.0,118.05000000000001
2026-02-09 05:00:00,45.4,50.6,30.8,23.9,1063.0,68.1
2026-02-09 06:00:00,26.9,32.8,25.4,28.2,764.0,40.349999999999994
2026-02-09 07:00:00,23.4,28.9,18.9,26.9,638.0,35.099999999999994
2026-02-09 08:00:00,20.7,26.1,12.8,22.6,607.0,31.049999999999997
2026-02-09 09:00:00,19.2,24.7,12.7,19.0,757.0,28.799999999999997
2026-02-09 10:00:00,18.9,24.4,22.2,16.9,1217.0,28.349999999999998
2026-02-09 11:00:00,22.2,26.8,37.7,15.5,1858.0,33.3
2026-02-09 12:00:00,32.1,36.4,54.4,15.7,2385.0,48.150000000000006
2026-02-09 13:00:00,49.0,54.1,73.6,18.7,2751.0,73.5
2026-02-09 14:00:00,61.5,67.8,93.9,23.4,3002.0,92.25
2026-02-09 15:00:00,74.3,81.5,106.4,26.9,2984.0,111.44999999999999
2026-02-09 16:00:00,87.3,94.5,107.0,28.2,2511.0,130.95
2026-02-09 17:00:00,87.5,97.3,99.7,28.3,1768.0,131.25
2026-02-09 18:00:00,68.9,75.4,88.4,27.7,1163.0,103.35000000000001
2026-02-09 19:00:00,62.6,68.2,71.8,26.6,861.0,93.9
2026-02-09 20:00:00,63.3,68.7,51.1,24.7,697.0,94.94999999999999
2026-02-09 21:00:00,60.5,65.4,33.5,21.9,577.0,90.75
2026-02-09 22:00:00,49.8,54.5,20.9,17.4,446.0,74.69999999999999
2026-02-09 23:00:00,32.9,39.0,11.4,12.0,359.0,49.349999999999994
2026-02-10 00:00:00,28.1,33.5,6.9,7.8,396.0,42.150000000000006
2026-02-10 01:00:00,24.2,30.0,10.4,5.9,663.0,36.3
2026-02-10 02:00:00,30.5,38.9,18.8,5.3,1053.0,45.75
2026-02-10 03:00:00,29.8,37.3,24.8,5.1,1320.0,44.7
2026-02-10 04:00:00,29.0,33.4,25.0,5.1,1348.0,43.5
2026-02-10 05:00:00,28.3,33.1,22.7,5.6,1253.0,42.45
2026-02-10 06:00:00,24.4,31.2,20.8,6.2,1138.0,36.599999999999994
2026-02-10 07:00:00,25.8,34.8,19.5,6.9,986.0,38.7
2026-02-10 08:00:00,40.4,58.1,18.6,7.8,813.0,60.599999999999994
2026-02-10 09:00:00,40.6,55.4,19.5,8.6,771.0,60.900000000000006
2026-02-10 10:00:00,35.9,49.1,22.3,9.2,929.0,53.849999999999994
2026-02-10 11:00:00,33.6,44.7,27.1,9.7,1217.0,50.400000000000006
2026-02-10 12:00:00,37.3,46.0,35.5,10.5,1577.0,55.949999999999996
2026-02-10 13:00:00,51.5,59.8,51.5,12.0,2142.0,77.25
2026-02-10 14:00:00,63.6,71.2,71.2,13.8,2780.0,95.4
2026-02-10 15:00:00,66.4,72.4,84.3,14.8,3034.0,99.60000000000001
2026-02-10 16:00:00,67.3,72.4,85.9,14.5,2580.0,100.94999999999999
2026-02-10 17:00:00,65.0,69.2,80.9,13.4,1742.0,97.5
2026-02-10 18:00:00,61.9,65.0,74.6,12.1,1042.0,92.85
2026-02-10 19:00:00,56.1,58.6,68.7,10.4,671.0,84.15
2026-02-10 20:00:00,49.5,51.7,61.4,8.5,438.0,74.25
2026-02-10 21:00:00,42.0,44.0,52.2,7.0,290.0,63.0
2026-02-10 22:00:00,35.4,37.1,38.2,6.2,204.0,53.099999999999994
2026-02-10 23:00:00,27.6,29.4,22.4,5.7,203.0,41.400000000000006
2026-02-11 00:00:00,20.7,22.5,13.1,5.6,301.0,31.049999999999997
2026-02-11 01:00:00,17.5,18.9,16.6,5.8,601.0,26.25
2026-02-11 02:00:00,17.8,19.0,26.7,6.3,1000.0,26.700000000000003
2026-02-11 03:00:00,20.8,21.7,33.0,7.0,1206.0,31.200000000000003
2026-02-11 04:00:00,26.1,26.5,30.5,8.0,1019.0,39.150000000000006
2026-02-11 05:00:00,19.2,20.3,24.1,9.3,639.0,28.799999999999997
2026-02-11 06:00:00,12.6,15.1,18.5,10.6,367.0,18.9
2026-02-11 07:00:00,12.4,15.4,14.3,12.0,331.0,18.6
2026-02-11 08:00:00,13.2,16.7,10.9,13.4,403.0,19.799999999999997
2026-02-11 09:00:00,14.3,18.0,10.9,14.6,505.0,21.450000000000003
2026-02-11 10:00:00,15.9,19.6,14.8,15.4,626.0,23.85
2026-02-11 11:00:00,18.7,22.0,22.2,15.9,777.0,28.049999999999997
2026-02-11 12:00:00,25.1,27.8,34.4,16.5,909.0,37.650000000000006
2026-02-11 13:00:00,37.5,40.2,56.4,17.7,1029.0,56.25
2026-02-11 14:00:00,53.6,56.5,83.1,19.0,1130.0,80.4
2026-02-11 15:00:00,65.9,68.9,101.1,19.4,1148.0,98.85000000000001
2026-02-11 16:00:00,71.7,75.2,103.6,18.5,1023.0,107.55000000000001
2026-02-11 17:00:00,71.2,74.7,97.3,16.7,813.0,106.80000000000001
2026-02-11 18:00:00,66.4,69.6,89.0,14.6,631.0,99.60000000000001
2026-02-11 19:00:00,57.2,59.8,80.4,12.2,513.0,85.80000000000001
2026-02-11 20:00:00,48.1,50.3,69.7,9.6,422.0,72.15
2026-02-11 21:00:00,41.1,43.0,58.8,7.5,360.0,61.650000000000006
2026-02-11 22:00:00,36.1,37.7,45.9,6.3,295.0,54.150000000000006
2026-02-11 23:00:00,32.0,33.5,32.8,5.6,259.0,48.0
2026-02-12 00:00:00,28.5,29.8,26.2,5.5,351.0,42.75
2026-02-12 01:00:00,26.2,27.5,32.9,6.1,733.0,39.3
2026-02-12 02:00:00,28.7,30.2,46.1,7.3,1244.0,43.05
2026-02-12 03:00:00,34.8,36.2,53.0,8.6,1500.0,52.199999999999996
2026-02-12 04:00:00,34.6,36.1,46.3,10.0,1237.0,51.900000000000006
2026-02-12 05:00:00,24.6,26.5,33.3,11.6,719.0,36.900000000000006
2026-02-12 06:00:00,20.7,22.5,22.6,13.0,352.0,31.049999999999997
2026-02-12 07:00:00,19.3,21.1,16.6,14.1,308.0,28.950000000000003
2026-02-12 08:00:00,17.9,19.8,12.8,15.0,416.0,26.849999999999998
2026-02-12 09:00:00,17.7,19.6,12.7,15.5,570.0,26.549999999999997
2026-02-12 10:00:00,17.3,19.2,16.1,15.1,761.0,25.950000000000003
2026-02-12 11:00:00,17.1,18.8,23.2,14.3,997.0,25.650000000000002
2026-02-12 12:00:00,22.6,24.2,35.9,14.4,1203.0,33.900000000000006
2026-02-12 13:00:00,40.4,42.1,60.1,16.6,1374.0,60.599999999999994
2026-02-12 14:00:00,58.6,61.7,89.8,19.6,1514.0,87.9
2026-02-12 15:00:00,67.1,70.8,109.4,21.0,1559.0,100.64999999999999
2026-02-12 16:00:00,73.6,76.8,110.8,19.5,1462.0,110.39999999999999
2026-02-12 17:00:00,72.9,75.4,102.1,16.5,1270.0,109.35000000000001
2026-02-12 18:00:00,66.8,68.9,91.0,13.5,1059.0,100.19999999999999
2026-02-12 19:00:00,56.1,58.1,79.0,10.8,818.0,84.15
2026-02-12 20:00:00,46.4,48.2,64.8,8.2,557.0,69.6
2026-02-12 21:00:00,39.5,41.1,51.8,6.2,384.0,59.25
2026-02-12 22:00:00,34.5,35.9,40.7,5.3,367.0,51.75
2026-02-12 23:00:00,30.7,32.1,31.0,5.1,437.0,46.05
